PreferredPaymentMode,用户数,流失率,平均订单数,平均优惠券数,平均返现
Debit Card,2314,0.15384615384615385,2.9407951598962834,1.717372515125324,177.05842696629213
Credit Card,1774,0.14205186020293123,3.049041713641488,1.6775648252536641,177.24611048478013
E wallet,614,0.2280130293159609,3.011400651465798,1.755700325732899,185.82941368078176
Cash on Delivery,514,0.2490272373540856,3.007782101167315,1.8190661478599222,169.87132295719846
UPI,414,0.17391304347826086,2.57487922705314,1.6980676328502415,174.40758454106282
